family	S	SL	D	T	TL	L	Leaf	transfer_events_per_100_tips	terminal_branches	terminal_recipient_fraction_ge_0.5	terminal_recipient_fraction_ge_0.9	median_terminal_recipient_sample_fraction	max_terminal_recipient_sample_fraction	max_terminal_mean_transfer_events_per_sample	reconciliation_samples	status	shared_tips	symmetric_difference	normalized_rf	weighted_rf	mean_order_discordance	mean_class_discordance
soxa	145	76	0	96	0	0	242	39.66942148760331	242	40	14	0.0	0.97	3.94	100	ok	242	316	0.6610878661087866	59.7953376248	0.134297520661157	0.0830578512396694
soxb	189	111	0	109	0	0	299	36.45484949832776	299	48	6	0.0	0.93	1.92	100	ok	299	386	0.652027027027027	41.6401538398	0.0755852842809364	0.0237458193979933
soxc	123	75	0	91	0	0	215	42.325581395348834	215	52	11	0.0	0.94	1.54	100	ok	215	318	0.75	32.5926318088	0.1232558139534883	0.0832558139534883
soxx	144	89	0	98	0	0	243	40.32921810699588	243	46	9	0.0	0.94	4.28	100	ok	243	322	0.6708333333333333	76.052584258	0.1510288065843621	0.0724279835390946
soxy	142	63	0	102	0	0	245	41.63265306122449	245	49	13	0.01	0.97	3.13	100	ok	245	334	0.6900826446280992	56.0587470255	0.0963265306122448	0.0538775510204081
soxz	113	42	0	95	0	0	209	45.45454545454545	209	47	22	0.0	0.96	2.0	100	ok	209	298	0.7233009708737864	42.6148984012	0.1148325358851674	0.0770334928229665
