family	n_genome_pairs	mean_fixed	mean_mfp	mean_consensus_min	stable_both_count
soxa	242	0.173099173553719	0.17301652892561983	0.1490495867768595	36.0
soxb	299	0.17518394648829433	0.17612040133779266	0.14983277591973243	38.0
soxc	215	0.20130232558139535	0.22562790697674417	0.18125581395348836	38.0
soxx	243	0.2076954732510288	0.2011111111111111	0.16670781893004114	38.0
soxy	245	0.201265306122449	0.20726530612244898	0.15530612244897957	32.0
soxz	209	0.23880382775119616	0.23248803827751197	0.16545454545454544	34.0
