window_bp	metric	genomes	clusters	observed	p_greater	p_less	p_two_sided	null_q025	null_q975
5000	count_difference	427	724	-0.1035265417642467	1.0	9.999000099990002e-05	9.999000099990002e-05	-0.03416676424668228	0.034440085870413736
5000	presence_difference	427	724	-0.04548790007806401	1.0	9.999000099990002e-05	9.999000099990002e-05	-0.020593871975019516	0.02019535519125683
10000	count_difference	427	724	-0.1673633879781421	1.0	9.999000099990002e-05	9.999000099990002e-05	-0.04711787665886027	0.045986046057767356
10000	presence_difference	427	724	-0.0627049180327869	1.0	9.999000099990002e-05	9.999000099990002e-05	-0.024052107728337237	0.023455405932864933
20000	count_difference	427	724	-0.21264637002341924	1.0	9.999000099990002e-05	9.999000099990002e-05	-0.07201492974238877	0.07207835675253706
20000	presence_difference	427	724	-0.056926229508196716	1.0	9.999000099990002e-05	0.00019998000199980003	-0.0300022443403591	0.029412958626073373
