predictor	outcome	genomes	observed_spearman_rho	permutation_p_two_sided	null_q025	null_q975	bootstrap_q025	bootstrap_q975
hgt_recipient_fraction_mean	architecture_rarity_mean	304	-0.21495225079073593	0.06579342065793421	-0.22972377329388485	-0.09685238881437248	-0.32646579162175104	-0.0987148001692358
hgt_recipient_fraction_mean	architecture_rarity_max	304	-0.19488001763292426	0.10468953104689531	-0.2196284091089549	-0.08349704124378252	-0.3054887095020377	-0.07961632446529707
hgt_recipient_fraction_mean	mean_abs_sox_gene_gc_deviation	304	-0.10156512162290143	0.27957204279572045	-0.1520840763218016	-0.007538183354953511	-0.20962208354766687	0.007297857163875618
hgt_recipient_fraction_mean	mean_abs_sox_local_gc_deviation	304	0.0340992209303565	0.4874512548745126	-0.10771211716679141	0.07960627985625648	-0.08216445372042962	0.1487879541271475
hgt_recipient_fraction_mean	module_completeness	304	0.2073913847167974	0.005099490050994901	0.055672279913835665	0.18407110107831504	0.09146158067803413	0.31729683306324774
hgt_recipient_fraction_mean	matched_mobile_count_difference	304	0.06128458134991335	0.23307669233076692	-0.10555715698284454	0.0892851781278925	-0.05279539277375917	0.1741400297894174
hgt_recipient_fraction_mean	matched_mobile_presence_difference	304	0.06960840986696462	0.262973702629737	-0.06401474671764021	0.13079208520277705	-0.03970308193194388	0.17726927675366647
