excluded_family	metric	n_genomes	n_orders	spearman_rho	permutation_p	bootstrap_ci95_low	bootstrap_ci95_high	holm_p_within_metric
none	consensus_min	304	32	0.1814055462493064	0.0281794364112717	0.0842749456461578	0.2749504988443429	
none	consensus_mean	304	32	0.2022088138916455	0.0104197916041679	0.103176190892325	0.2950292055683753	
none	stable_both	304	32	0.1236909067733218	0.2100757984840303	0.0278075202945874	0.2147170926456996	
