window_bp	metric	genomes	clusters	observed	p_greater	p_less	p_two_sided	null_q025	null_q975
5000	span_abs_gc_difference	427	724	-0.0023496417103302633	0.9996000399960004	0.0004999500049995	0.000999900009999	-0.0013707897245479337	0.001381968526821973
5000	local_abs_gc_difference	427	724	-0.00422726459830605	1.0	9.999000099990002e-05	9.999000099990002e-05	-0.0009482432869409861	0.000921881225594917
10000	span_abs_gc_difference	427	724	-0.0023496417103302633	0.9995000499950005	0.0005999400059994001	0.000999900009999	-0.001358152327294346	0.001379945771018937
10000	local_abs_gc_difference	427	724	-0.0032224516883026075	1.0	9.999000099990002e-05	9.999000099990002e-05	-0.0008708972577129382	0.0008842878585074072
20000	span_abs_gc_difference	427	724	-0.0023496417103302633	0.9997000299970003	0.00039996000399960006	0.0007999200079992001	-0.0013598938727634562	0.0013579894082822175
20000	local_abs_gc_difference	427	724	-0.0024082112029238188	1.0	9.999000099990002e-05	9.999000099990002e-05	-0.0007181679069346171	0.000736478409593588
