strategy,collapse_rule,n_original_rows,n_analysis_units,compression_ratio,max_cluster_size,mean_cluster_size,ambiguous_majority_ties,raw_rate,source_equal_rate,layer_equal_rate,true_route_rank_by_source_equal,best_alt_source_equal_rate,true_minus_best_alt_source_equal,n_sources,n_layers
row_level_reference,no collapse; original row-level evidence table,1522,1522,1.0,1,1.0,0,0.9316688567674112,0.7044657231680614,0.7532675886636283,1,0.4295084474188493,0.2749572757492121,5,18
exact_source_layer_module_donor_function,"exact duplicate collapse by source, evidence layer, module family, donor class and functional class",1522,76,0.0499342969776609,958,20.026315789473685,0,0.6052631578947368,0.6478632478632479,0.7556878306878307,1,0.4411965811965812,0.2066666666666667,5,18
source_layer_module_majority,"majority donor-function pair collapsed by study_id, evidence_layer, module_family",1522,62,0.0407358738501971,1227,24.548387096774192,1,0.5967741935483871,0.6535775335775336,0.7572751322751323,1,0.3364346764346764,0.3171428571428571,5,18
source_layer_compartment_module_majority,"majority donor-function pair collapsed by study_id, evidence_layer, compartment, module_family",1522,68,0.0446780551905387,1227,22.38235294117647,1,0.5735294117647058,0.6447863247863248,0.7548331298331298,1,0.3386324786324786,0.3061538461538461,5,18
source_module_majority,"majority donor-function pair collapsed by study_id, module_family",1522,59,0.0387647831800262,1257,25.79661016949153,1,0.576271186440678,0.6408791208791209,0.7087301587301588,1,0.3237362637362637,0.3171428571428571,5,15
