removed_source,n_units,n_sources,prespecified_rank,prespecified_source_equal,best_alternative_source_equal,margin_vs_best_alternative
BERBEN2019,29,3,1,1.0,0.8939393939393939,0.10606060606060608
GHOSH2009,60,3,1,1.0,0.5883838383838383,0.41161616161616166
GREGERSEN2011,43,3,1,1.0,0.6944444444444443,0.3055555555555557
MEYER2007,63,3,1,1.0,0.5883838383838383,0.41161616161616166
