strata,iterations,observed_margin,null_mean_margin,null_q025_margin,null_q975_margin,empirical_p_ge_observed
source_id,2000,0.3087121212121212,0.23550189393939394,0.20833333333333337,0.2607323232323232,0.0004997501249375312
source_id+evidence_layer,2000,0.3087121212121212,0.30871212121212116,0.3087121212121212,0.3087121212121212,1.0
