strata,iterations,observed_margin,null_mean_margin,null_q025_margin,null_q975_margin,empirical_p_ge_observed
source_id,2000,0.31525974025974024,0.2480368506493506,0.22857142857142854,0.26688311688311683,0.0004997501249375312
source_id+evidence_layer,2000,0.31525974025974024,0.31525974025974024,0.31525974025974024,0.31525974025974024,1.0
