predictor	outcome	genomes	observed_spearman_rho	permutation_p_two_sided	null_q025	null_q975	bootstrap_q025	bootstrap_q975
hgt_recipient_fraction_mean	architecture_rarity_mean	304	-0.18857008360699168	0.21197880211978803	-0.22813177789981842	-0.09450545834002079	-0.2967853823827539	-0.07384271668306436
hgt_recipient_fraction_mean	architecture_rarity_max	304	-0.17092313119612304	0.2853714628537146	-0.21917039602498847	-0.08234973593143036	-0.2812856688179219	-0.05605096827446808
hgt_recipient_fraction_mean	mean_abs_sox_gene_gc_deviation	304	-0.11799912529434672	0.1311868813118688	-0.14964984933659048	-0.003948679274331893	-0.2280917112480589	-0.007307836910789388
hgt_recipient_fraction_mean	mean_abs_sox_local_gc_deviation	304	0.03273492217322974	0.5391460853914608	-0.11865604362553513	0.06618058631725494	-0.08485429712261466	0.14876304211937544
hgt_recipient_fraction_mean	module_completeness	304	0.1913875415975897	0.039696030396960305	0.06931471761844642	0.19755984411138103	0.07345349066644762	0.3013092153033896
hgt_recipient_fraction_mean	matched_mobile_count_difference	304	0.11805821108258241	0.0150984901509849	-0.09849623704176046	0.09675057596056257	0.004624758932948327	0.22938656095732857
hgt_recipient_fraction_mean	matched_mobile_presence_difference	304	0.11808962004538562	0.05469453054694531	-0.05830315405124254	0.13445663845034678	0.008526186655258785	0.22563177971873427
